144552912,9.3498486,56.7408757,17.05277157
144552912,9.3501884,56.7406785,17.61484024
144552912,9.3505485,56.7405445,18.08353564
144552912,9.3508058,56.7404845,18.27946525
144552912,9.3510534,56.7404863,18.42297361
144552912,9.3514747,56.7405022,19.12488859
144552912,9.3521273,56.7405585,19.59059267
144552912,9.3524201,56.7405974,19.6217637
144552912,9.3525839,56.740629,19.65993092
144552912,9.3527255,56.7406626,19.49066956
144552912,9.3530759,56.7408002,19.2302682
144552912,9.353404,56.7409042,18.23328019
144552912,9.3537287,56.7409995,17.60084235
144552912,9.354179,56.7410594,17.64437939
144552912,9.354581,56.7411511,18.39748246
144552912,9.3547868,56.7412058,18.86455513
144552912,9.3551147,56.7412693,18.24772977
144552912,9.3553365,56.7412905,18.02012931
144552912,9.355581,56.7412975,18.32254409
42991631,8.5856624,57.0106364,32.07764061
42991631,8.5851822,57.0099725,28.71244752
42991631,8.5834239,57.0089128,24.66777052
42991631,8.5831331,57.0085517,21.81822584
42991631,8.5825621,57.0078424,17.14208105
42991631,8.5825197,57.0077898,17.03861437
42991631,8.5818832,57.0069995,14.27747728
42991631,8.5812759,57.0062707,14.07250751
42991632,8.5617847,57.0231006,22.4186816
42991632,8.5610765,57.0227781,20.54467049
42991632,8.560503,57.0228637,23.5659512
42991632,8.5595327,57.0230085,23.05730803
42991634,8.5052981,57.0427326,9.321312124
42991635,8.5053563,57.045265,7.945321858
42991635,8.5038165,57.0452699,6.835301876
42991636,8.5038165,57.0452699,7.036795202
42991637,8.5058627,57.0443316,8.868556617
42991637,8.5064511,57.0444156,8.644940337
42991637,8.5066534,57.0444345,8.677281461
42991637,8.5069191,57.0444476,8.855570955
42991637,8.5070322,57.0444408,8.641298912
42991637,8.5071685,57.0444222,8.866745026
42991637,8.5073621,57.0443894,8.875244931
42991637,8.5075176,57.0443477,8.861009793
42991637,8.5076101,57.0443768,8.836602256
42991637,8.5076473,57.0444173,9.027749837
42991637,8.5076518,57.0445107,8.836863382
42991638,8.5075176,57.0443477,8.940356548
42991638,8.5075775,57.0443127,8.866008063
42991638,8.5076333,57.0442689,8.95472908
42991638,8.507658,57.044215,9.101376197
42991638,8.5076612,57.0441594,9.178194704
42991638,8.5077825,57.0434855,9.627413299
42991638,8.5078162,57.0434553,9.435278616
42991641,8.5109209,57.0415404,11.44141941
42991642,8.5105537,57.0412931,11.23115666
42991643,8.5104987,57.0407147,11.59000247
42991643,8.5108529,57.0405045,11.25613892
42991644,8.5090345,57.0402727,11.39285291
42991644,8.5093407,57.0400268,11.83309039
42991644,8.5103032,57.0398273,11.29357445
42991644,8.5120992,57.0395103,12.17525085
42991644,8.5135412,57.0392283,12.11441883
42991644,8.5138592,57.0391655,12.06540103
42991644,8.5147731,57.0389894,12.74553233
42991645,8.5138592,57.0391655,12.40273837
42991646,8.5135412,57.0392283,12.47663833
42991646,8.5135308,57.039077,12.14527978
42991646,8.5133852,57.0388947,12.15556106
42991646,8.5128028,57.0385506,12.12860809
42991646,8.5126942,57.038338,12.0164842
42991646,8.5125974,57.0381735,12.40159269
125829151,9.9801245,56.6303015,54.08061969
125829151,9.982581,56.6305181,52.52212599
125829151,9.9867007,56.6312617,52.84769379
125829151,9.9930909,56.6332391,61.93815906
125829151,9.9934128,56.6333452,61.86858662
125829151,9.9953483,56.633563,66.81153098
125829151,9.9959662,56.6336758,68.419
125829151,9.9971721,56.6339171,72.3720785
125829151,9.9977471,56.6340534,74.58123447
125829151,9.9987815,56.6342829,78.52617527
125829151,9.999189,56.6342829,79.21319949
125829151,9.99979,56.6342356,80.27699782
125829151,10.0000475,56.6340941,81.26594054
125829152,9.9928806,56.634814,79.12079656
125829152,9.9931595,56.6347078,78.80423666
125829152,9.9933096,56.6345307,78.16532049
125829152,9.9938677,56.6341767,74.89667587
125829152,9.9945973,56.6338817,71.10913001
125829152,9.9952796,56.6336639,67.81899974
42991649,8.5040581,57.0349732,13.74818094
42991649,8.504651,57.0347101,14.98062521
42991649,8.5050406,57.034391,14.32841117
42991649,8.505441,57.0341125,13.78319337
42991649,8.5058769,57.0340657,14.04761184
42991649,8.506144,57.0341627,14.30578857
42991650,8.5047652,57.0361494,13.47570895
42991650,8.5054694,57.0358438,12.43060915
42991650,8.506267,57.035632,12.5430526
42991650,8.5059781,57.0352725,13.20186716
42991651,8.506267,57.035632,12.53091202
42991651,8.507655,57.0353607,12.80275412
42991651,8.5078432,57.035027,13.08675947
42991652,8.507655,57.0353607,12.62265851
42991652,8.5079715,57.0354688,12.5902768
42991653,8.5095782,57.0384223,12.26775682
42991654,8.5034799,57.034004,14.00361098
42991654,8.5031724,57.0340392,13.81034254
42991654,8.5022901,57.0342288,13.31068364
42991655,8.5031724,57.0340392,14.01664159
42991656,8.5001263,57.0330286,13.92533344
42991656,8.4964619,57.0337013,13.32394927
42991656,8.4956918,57.0338587,13.24134179
42991656,8.4937439,57.0346384,12.73058619
42991656,8.4928182,57.0349844,12.33363024
42991656,8.4924457,57.0350524,12.62572294
42991658,8.493561,57.0383121,10.14108842
42991658,8.4945638,57.038257,11.07004469
42991658,8.4950533,57.0382219,10.99866117
42991658,8.4951614,57.0385264,10.346055
42991658,8.4952613,57.0387225,9.79134331
42991658,8.4955789,57.0387604,10.37726876
42991659,8.4950533,57.0382219,10.91761466
42991659,8.4951316,57.0377045,10.26241314
42991660,8.4934561,57.0388635,9.854163815
42991660,8.4932023,57.0388068,9.755685517
42991661,8.4915196,57.0348166,12.55282309
42991661,8.4891618,57.0355816,11.94876189
42991661,8.4888485,57.0356551,11.919896
42991661,8.4882028,57.0357096,11.43693083
42991661,8.4868158,57.0359197,10.85131771
42991661,8.4860267,57.0360844,10.92411797
42991661,8.4855818,57.036193,10.9290917
42991661,8.4842823,57.0365102,10.57948279
42991662,8.4868158,57.0359197,10.98048396
42991663,8.5130168,57.0380911,11.9131258
42991663,8.5121478,57.0371778,11.66935996
42991664,8.4945638,57.038257,11.14843256
42991665,8.4936964,57.0374783,10.89138727
42991665,8.4935132,57.0374882,10.61514108
42991665,8.491621,57.0379374,10.04159857
42991665,8.4900758,57.0383087,10.06685888
42991665,8.4885555,57.0387995,9.507472626
42991665,8.4884066,57.0389429,9.124789057
42991665,8.4885659,57.0393508,9.164809874
42991665,8.4884962,57.0394419,8.834679666
42991665,8.4881143,57.0395223,8.988026031
143305401,9.502717,56.614923,33.75608418
91226220,9.8600316,57.0699237,0.988898455
91226223,9.8592863,57.0697554,1.08612855
91226223,9.8592865,57.0694573,1.030600807
91226229,9.8733289,57.0626141,2.019975285
125829144,9.9849413,56.6287241,59.50617885
125829146,10.002794,56.6391678,69.47378858
125829146,10.001571,56.6408315,78.02338434
125829146,10.0011632,56.6410793,80.02388073
125829146,10.00097,56.6412209,81.80174343
125829146,10.0006912,56.6414215,82.39329799
125829146,10.0005366,56.6414993,83.06728986
125829146,10.0002834,56.6414569,83.01991657
125829146,10.0000904,56.6415277,82.65855606
125829146,9.9997471,56.642153,82.94256636
125829146,9.9995969,56.6422592,82.93973103
125829146,9.9993778,56.6422309,82.07086381
125829146,9.9971463,56.6415701,72.35459983
125829146,9.9967001,56.6411973,71.7429934
125829146,9.9964641,56.6411383,70.25015245
125829146,9.9888895,56.6423181,55.9104831
125829146,9.9879453,56.6421766,51.43732026
125829148,10.0014851,56.6341059,83.53440754
125829148,10.0014208,56.6366785,76.01527565
125829148,10.0015925,56.6369145,75.26483356
125829148,10.0019142,56.6373512,71.5569213
125829148,10.0019572,56.63754,70.36312892
125829148,10.0020216,56.6377406,70.07475422
125829148,10.0025794,56.6389907,69.74730079
125829148,10.002794,56.6391678,69.74799443
125829148,10.0032661,56.6392976,69.85285053
125829148,10.0058839,56.6400173,69.42184383
125829148,10.0074289,56.6404421,67.56185508
125829148,10.008652,56.6409023,64.1929431
125829148,10.0090596,56.6411973,62.80631452
125829148,10.0092314,56.6413742,61.75635868
42991648,8.5035903,57.034136,13.74265827
125829153,10.0003907,56.6305417,69.28640999
125829153,9.9999143,56.6317521,68.75367687
125829153,10.0002406,56.632135,74.39743549
125829153,10.0002406,56.6323711,76.92578338
125829153,10.0000861,56.633416,79.99437501
146800929,10.0677356,56.8033692,50.5388948
146800929,10.067993,56.8033868,51.13153669
146800929,10.0681969,56.8034103,51.75902011
146800929,10.0683996,56.8034556,52.11297199
146800929,10.0685187,56.8035807,51.41257728
146800929,10.0685928,56.8036788,50.49802387
146800929,10.0686249,56.8037728,49.75327764
146800929,10.0685401,56.8039214,49.35982344
146800929,10.0684329,56.8040565,48.93890059
146800929,10.068421,56.8041311,49.14310001
146800929,10.068539,56.8042074,48.9949787
146800929,10.0687333,56.8042914,48.80552001
146800929,10.0689588,56.8043089,48.46204904
146800929,10.0692217,56.804353,48.57678142
146800929,10.0696508,56.8044381,48.75033254
146800929,10.07008,56.8045351,49.58672643
146800929,10.0706219,56.8046555,48.5070856
146800929,10.0709853,56.8047449,46.45189648
146800929,10.0712535,56.8048066,45.52299311
146800929,10.0714211,56.8048523,44.62848241
146800930,10.0884102,56.8043354,32.86032989
146800930,10.0881367,56.8043265,33.04524664
146800930,10.0878578,56.8042795,32.96612018
146800930,10.0877129,56.8042678,32.66603839
146800930,10.0876109,56.804306,32.86061123
146800930,10.0867793,56.805005,33.87658253
146800930,10.0861249,56.8055424,32.32427852
146800931,10.0781801,56.8034219,32.64172493
121635376,9.5685446,57.0522153,1.946814261
121635376,9.5693017,57.05361,2.249774251
121635378,9.5679435,57.0536799,2.552201646
149946971,9.4459406,56.6202037,16.82685444
149946971,9.446005,56.6200946,15.96683298
149946971,9.4461132,56.6200191,15.15256699
149946971,9.4462142,56.6199618,14.91472574
149946971,9.4463062,56.6198805,14.47069756
149946971,9.4463161,56.6198231,14.20253821
149946971,9.4463216,56.619764,14.28793898
149946971,9.4462634,56.6196739,13.73993286
149946972,9.4421319,56.6170456,29.13761754
149946972,9.4419442,56.6179695,28.79503286
149946972,9.441886,56.6182689,28.08389804
149946972,9.4418209,56.618368,27.77674578
149946972,9.4416707,56.6184329,27.59018681
149946972,9.4413433,56.6185184,26.59096016
149946972,9.4393218,56.6190541,18.11339164
149946972,9.4379377,56.6194466,11.14615524
149946972,9.437675,56.6195351,10.13250442
149946972,9.4376365,56.6195781,10.17683264
90178161,9.9780988,57.0303709,33.22694348
90178161,9.9776683,57.0303905,32.91545012
90178161,9.977128,57.0304105,33.30718369
90178161,9.9770036,57.0304165,33.31340515
90178161,9.9768982,57.0304215,33.08399409
90178161,9.975305,57.0304977,34.52702685
90178161,9.9744942,57.0305612,34.86603987
90178161,9.973836,57.0306556,35.51141326
90178161,9.9732702,57.0307863,35.84229244
90178162,9.9793703,57.0301985,34.18359299
90178162,9.9795632,57.0301891,34.24408073
90178162,9.9812198,57.0301097,35.97518079
90178162,9.9872421,57.0298284,41.0768878
90178162,9.9881274,57.0297892,40.77211593
90178162,9.9893175,57.0297452,40.8759416
90178162,9.9894907,57.0297329,40.81955679
90178162,9.9902474,57.0296839,40.76138505
90178162,9.9916817,57.0295407,39.70821747
90178162,9.9925348,57.0294118,38.65161459
90178162,9.9932084,57.0293025,37.52251392
90178162,9.9943455,57.0290611,34.45547907
90178162,9.9951495,57.0288719,31.76564369
90178162,9.9959852,57.0286286,28.78365135
90178162,9.996861,57.0283436,25.63091743
90178162,9.9973383,57.0281685,23.75695439
90178162,9.9991384,57.0275088,17.70296304
90178162,10.0029041,57.0261591,8.741673793
90178162,10.0042653,57.0256654,7.047097593
90178162,10.0071281,57.0246463,5.027151833
90178163,9.9543467,57.0338543,22.22902953
90178163,9.9542176,57.0338378,22.09396094
121635489,9.59544,57.0861845,1.771819058
121635489,9.5928221,57.0851818,2.201443344
121635489,9.5910626,57.0842022,2.313507618
121809718,10.2381461,57.2836706,36.64329445
121809718,10.2382666,57.2825106,36.75417835
121809718,10.2385707,57.2818859,35.27684723
121809718,10.2391385,57.2808065,36.25865684
153092945,10.2252264,57.5103628,24.83959511
153092945,10.2246588,57.5089472,26.58626727
153092945,10.2243614,57.508243,27.21513717
153092947,10.1645493,57.5223522,23.21963293
153092947,10.1642051,57.5232502,23.3708698
153092947,10.1640715,57.5236813,22.15175481
153092947,10.1639376,57.5241277,21.43047725
153092947,10.1640333,57.5244818,21.29504367
153092947,10.1641862,57.5250103,21.13356591
153092947,10.1644059,57.5252463,21.24075451
153092947,10.1646257,57.5253798,21.16583052
153092947,10.1648742,57.5255747,21.0859176
153092947,10.1649794,57.5258416,21.4418026
153092947,10.1651416,57.5261648,21.4625989
153092947,10.1653234,57.5264163,21.90346786
153092947,10.165266,57.526524,22.34436794
153092947,10.1651416,57.5265599,22.59156698
153092947,10.1648359,57.5265599,22.78382755
153092947,10.1642434,57.5264778,22.66442594
153092956,10.1692108,57.5170876,26.66407788
153092956,10.1666562,57.5167911,26.31153239
153092956,10.1667589,57.5166326,26.22745173
153092956,10.1673366,57.5161361,26.07355508
153092956,10.1678886,57.5158121,26.20056237
153092956,10.1689797,57.5152605,26.71862869
153092956,10.1693905,57.5150399,27.01427718
153092956,10.1695701,57.5148675,27.03593898
153092956,10.1695575,57.5145917,26.72349189
153092959,10.1848471,57.5264801,16.49707305
153092960,10.1773496,57.5201786,23.1168869
153092960,10.1780639,57.5202144,23.15328583
153092962,10.1856244,57.5252218,21.64596035
153092962,10.1857515,57.5251974,21.31870856
153092963,10.1811448,57.5228426,21.7272006
153092963,10.1811577,57.5226841,21.63296302
153092963,10.1812475,57.5226082,21.52245829
153092963,10.1814144,57.5225669,21.6158989
153092971,10.2350543,57.5386777,21.55097444
153092977,10.2120614,57.529786,22.4965031
153092977,10.2108181,57.5297171,21.56073909
153092979,10.2271341,57.5467577,19.86284439
153092980,10.2231404,57.5465945,19.32507763
153092980,10.2233566,57.5479071,18.48872535
121809726,10.2150774,57.2935475,57.87125671
121809726,10.2162534,57.2935809,59.8652209
121809726,10.2193322,57.2936683,63.53001936
121809726,10.2210616,57.2941444,67.2244236
121809726,10.2225382,57.2940717,68.60617237
121809726,10.2232276,57.2941195,68.93095062
121809726,10.2238959,57.2942008,70.37139242
121809726,10.2241704,57.2943654,70.85944373
121809726,10.2245566,57.2945057,69.60909203
121809726,10.2252272,57.2947022,65.83739758
121809726,10.2259278,57.2948697,62.73628939
121809726,10.226599,57.2948787,61.10074373
121809726,10.2266875,57.2950342,61.12397077
121809726,10.2268675,57.2953502,60.59429167
121809726,10.2283105,57.2961933,55.80722311
121809726,10.2286125,57.2965741,55.27077126
121809726,10.2286797,57.296973,56.51052096
121809726,10.2278407,57.2987226,65.29042843
121809726,10.227891,57.299176,67.54578697
153092984,10.1562097,57.5174955,25.66153813
153092984,10.1557013,57.5175394,25.67375268
153092985,10.2300888,57.541301,21.05011907
153092985,10.2302733,57.5409971,20.1266124
153092985,10.2302601,57.540891,19.87069516
153092985,10.2301548,57.5407355,19.2329746
153092985,10.2299176,57.5405093,18.63818064
153092985,10.2295752,57.5402618,18.32076146
153092985,10.2292195,57.5400427,19.18454308
153092985,10.2288507,57.5398377,20.28295535
153092985,10.2286927,57.5396963,20.62691226
153092985,10.2286267,57.5394559,21.21442263
153092985,10.228561,57.5391872,21.13133331
153092985,10.2286135,57.5388479,21.00550623
121809727,10.2763053,57.309861,45.35320324
121809727,10.2762039,57.3095667,46.34779782
121809727,10.2760518,57.309334,46.41374513
121809727,10.2755575,57.3092039,45.99826055
121809727,10.2751648,57.3091286,45.98811623
121809727,10.2747593,57.308937,45.52076953
121809727,10.2744678,57.3087248,44.08465053
121809727,10.2742016,57.3084853,42.14990965
121809727,10.2738215,57.3082731,40.50568562
121809727,10.271984,57.307705,36.45295893
121809727,10.2717939,57.3075407,36.06902354
121809727,10.2716419,57.3069658,35.70487524
121809727,10.2716547,57.3064593,36.91422205
121809727,10.2720094,57.3055558,36.43901973
121809727,10.2719588,57.3053847,37.30219481
121809727,10.2716799,57.3052751,36.22886841
121809727,10.2710718,57.3050972,34.55532095
121809727,10.2709449,57.3049808,33.55459921
121809727,10.2709577,57.3048576,32.90692319
121809727,10.2713504,57.3043648,31.00977323
121809727,10.2713504,57.3042552,30.69748976
121809727,10.2711984,57.3041663,29.57972723
121809727,10.2691835,57.3038787,20.78653148
121809727,10.2690569,57.3038035,19.91181236
121809727,10.2691328,57.3035364,18.55853753
121809727,10.2693103,57.3033654,18.38610778
121809727,10.2697159,57.3032695,19.59746262
121809727,10.2699439,57.3030642,19.3072693
145752958,9.7291404,56.9949283,31.53056597
145752958,9.7272534,56.994777,30.61077517
145752958,9.7253545,56.9946952,27.61213189
145752958,9.7235545,56.9946069,26.02767343
145752958,9.7232731,56.9946367,25.81176495
145752958,9.7231147,56.9946771,25.51498015
145752958,9.722396,56.9946303,22.89321037
145752958,9.7219131,56.9946185,22.73006313
145752958,9.7212265,56.9946128,21.63970174
145752960,9.7233893,57.0090004,6.684379545
145752960,9.7196387,57.0087063,6.696050942
145752960,9.717804,57.0085778,8.514748071
145752960,9.7168492,57.0084902,8.992104357
145752960,9.7167391,57.0087653,8.231257998
145752960,9.7163421,57.009367,7.05069033
145752961,9.6732155,57.0067667,1.996155771
145752961,9.6724965,57.0059662,1.725229452
145752961,9.6717563,57.0052886,1.494502198
145752961,9.6714559,57.0050315,1.553806166
145752961,9.6714131,57.0049264,1.57138957
145752961,9.6713701,57.0048387,1.649975793
145752961,9.6714238,57.0041493,1.957517079
145752961,9.6714559,57.0039857,2.25050558
145752961,9.6715633,57.0038688,2.271807142
145752961,9.6717456,57.0037812,2.026410516
145752961,9.6741704,57.0029048,1.993611158
145752961,9.6743634,57.0028639,2.203448946
145752961,9.6772602,57.002227,2.83726895
153092995,10.2067775,57.5398684,18.49401841
153092995,10.2066516,57.5396785,18.59422429
153092997,10.2075862,57.5217021,21.37139774
145752966,9.7196815,57.0031093,18.68296868
145752966,9.7153041,57.0027938,26.85471877
153092999,10.2103786,57.5215005,24.94561687
145752968,9.7124504,57.0067841,15.90089685
145752968,9.7120399,57.0074333,13.00345892
145752968,9.7114714,57.0082687,8.536722556
145752969,9.6770349,57.020721,2.248425129
153093003,10.1844401,57.5084343,28.3447874
153093003,10.1842446,57.5084593,28.44239075
153093003,10.182661,57.5084893,28.18907771
153093003,10.181824,57.5085091,28.54220362
153093003,10.1815137,57.5085268,28.472174
153093003,10.1810387,57.5085519,28.29061084
153093003,10.180652,57.5086044,27.81997591
145752973,9.6738914,57.0141214,1.510363653
145752973,9.6737733,57.0135724,1.240169154
145752973,9.6738056,57.0134497,1.686870253
145752973,9.6738881,57.013386,1.558522795
145752973,9.6741778,57.0133393,1.252665907
145752973,9.6767421,57.0129421,1.763284526
145752973,9.681326,57.0122289,2.508010359
145752974,9.6826026,57.033818,1.632908857
145752974,9.6826886,57.0335495,2.101777673
145752974,9.6827422,57.0333743,1.898062763
145752974,9.6829568,57.0332225,2.048869342
145752974,9.6831579,57.0331592,2.022212918
145752974,9.6841234,57.0319098,2.302750416
145752974,9.6854002,57.0302225,3.076022438
145752974,9.6854753,57.0300824,3.872313032
145752974,9.6853921,57.0299706,4.560127505
145752974,9.6846411,57.0295969,4.41125239
145752974,9.6837185,57.0292641,4.616050441
145752974,9.6831713,57.029124,4.679001786
145752974,9.682946,57.0289955,5.853668796
145752974,9.683072,57.0288853,6.715894543
104158701,9.2697465,56.857276,19.65809917
104158701,9.2695587,56.8570179,19.94327672
104158701,9.2694151,56.8568306,19.6966259
145752979,9.6846564,57.0118535,3.276156468
145752979,9.6883078,57.0112597,3.754757998
145752979,9.6914914,57.0107334,3.650649282
145752979,9.6918134,57.010675,3.87556859
145752979,9.6919583,57.0106224,3.990643311
145752979,9.693943,57.0096118,3.838548278
145752979,9.6956758,57.0087472,4.354823416
145752979,9.6971374,57.008,4.126371986
145752979,9.6990071,57.0070851,4.657325061
145752979,9.6995112,57.0070063,4.91446596
145752979,9.6998923,57.0069331,5.375235472
145752979,9.7000853,57.0068105,6.313384578
145752979,9.7002516,57.0066411,6.210916995
145752979,9.7004448,57.006387,6.194444981
145752979,9.7005574,57.0062468,6.413278515
146801585,10.0850361,56.8073163,33.3647651
146801585,10.0851258,56.8071062,32.52179498
146801585,10.0854101,56.8065717,30.56936481
146801585,10.0855819,56.8062427,30.35645115
146801586,10.0859801,56.8071871,31.81059766
146801586,10.0860539,56.8070269,31.25119248
146801587,10.0792852,56.7979086,30.58255611
146801587,10.0789793,56.7977131,30.34065141
146801587,10.0788991,56.7976619,30.61086593
146801587,10.0785612,56.797418,30.22053782
146801587,10.0783681,56.7972741,30.01529665
146801587,10.0782125,56.7971478,30.05398974
146801587,10.0781213,56.7970419,30.15517964
146801587,10.0780836,56.7969157,30.2265519
146801587,10.0781051,56.7968011,29.28961447
146801587,10.0782125,56.7966366,28.44933675
146801587,10.0782808,56.7965351,27.95350279
146801587,10.0783131,56.7964499,27.80227739
146801587,10.0783185,56.7963648,27.84815362
146801587,10.0782446,56.7963105,27.69211775
146801587,10.0780623,56.796243,27.45648632
146801587,10.0778317,56.7962019,27.79794292
146801587,10.0776868,56.7961842,28.28748947
146801588,10.0789793,56.7977131,30.34563132
146801588,10.0789688,56.7978175,30.54606159
146801588,10.0788724,56.7980026,30.01111867
146801588,10.0788347,56.7981319,30.08393174
146801588,10.0788187,56.7982317,29.85567054
146801588,10.0788938,56.798311,29.92365772
146801588,10.0789903,56.798361,29.73588533
146801588,10.0791084,56.7984021,29.43460422
146801588,10.0791835,56.7984403,29.31297738
146801588,10.0792102,56.7984844,29.15796945
146801588,10.0791727,56.7985255,29.18485573
146801588,10.0788401,56.7987194,29.13776673
146801588,10.0787812,56.7987781,29.03582935
146801588,10.0787436,56.7988163,28.75107452
146801588,10.0787222,56.7988692,28.61124968
146801588,10.0787222,56.7989426,28.36252723
146801588,10.0787436,56.7990102,28.45185847
146801588,10.0787919,56.7990777,28.01658565
146801588,10.0788508,56.7991394,27.79246714
146801588,10.0789367,56.7991776,27.5081066
146801588,10.0790118,56.7992128,27.72030114
146801588,10.0791244,56.7992452,27.69337338
146801588,10.0797198,56.7994066,28.11962383
146801588,10.0800953,56.7995006,28.32674505
146801588,10.080444,56.799583,29.04178983
146801588,10.0806801,56.7996388,30.07141611
75872856,10.1569443,57.2120727,36.97344769
25690293,8.6901193,56.6076007,2.253503992
25690293,8.6924421,56.6075125,5.8372886
25690293,8.6944446,56.6076007,6.991976608
25690293,8.6959665,56.6074905,7.24617435
25690293,8.6967674,56.6073142,8.773200495
25690295,8.7314305,56.6005079,27.96186075
25690295,8.7315872,56.6011867,28.74327129
25690295,8.7317643,56.6019541,28.46826588
25690295,8.7318845,56.6024752,27.74333921
25690295,8.731933,56.6026852,27.38990287
25690295,8.7321248,56.6035164,27.12704488
25690295,8.7325639,56.605419,27.7608
25690295,8.7326621,56.6063729,27.16725878
25690295,8.7327324,56.6121522,21.93980215
25690295,8.7328726,56.613541,20.87419017
25690295,8.7332702,56.6149412,17.96837763
25690295,8.7335179,56.6158134,16.22011322
25690295,8.7340649,56.6175108,14.53743776
25690295,8.7343315,56.618072,13.28321477
25690295,8.7345654,56.6182467,12.62876535
25690299,8.7542087,56.6388329,1.61934252
25690299,8.7546688,56.6387767,1.715568016
25690299,8.7557011,56.6384063,2.759656048
25690299,8.7563746,56.6381595,3.13586665
106255904,10.3069605,57.5026824,51.49977777
106255904,10.3074067,57.5024298,50.65218932
106255904,10.3103248,57.501323,60.03443618
106255904,10.3120414,57.5006774,56.31989311
106255904,10.31223,57.5006488,55.92155435
106255904,10.3128784,57.5005506,56.51393524
106255904,10.3138654,57.5002854,53.23283345
106255904,10.3145091,57.5000202,51.70692322
106255904,10.3150241,57.4995706,50.68789812
106255904,10.3154747,57.4992478,49.46527056
121636082,9.6004835,57.1578794,6.212677553
121636082,9.6041528,57.1547838,6.179784491
121636083,9.6054189,57.1460193,3.572184105
121636084,9.6064917,57.138976,2.841641758
121636084,9.6067707,57.1383239,2.871258013
121636084,9.6069198,57.1382698,2.760013235
121636084,9.6072427,57.1382657,3.063271945
121636086,9.6135095,57.1491603,4.442136614
121636087,9.6026937,57.1406292,2.667220237
121636087,9.6055474,57.1409436,2.839427285
121636087,9.6058039,57.1410175,2.830075713
121636087,9.605718,57.1412154,2.798098688
121636088,9.5871798,57.1542018,5.079614716
121636088,9.5867506,57.1542251,5.538730238
121636088,9.5864715,57.1543764,6.166955977
121636088,9.5854418,57.1543764,5.628301356
121636088,9.5851198,57.1544463,5.795716154
121636088,9.5838955,57.1545317,5.884942385
121636088,9.5833163,57.1546831,6.308407027
121636088,9.5814721,57.1547954,6.764727729
121636088,9.5797125,57.154842,6.757942869
121636090,9.6149621,57.1469162,4.21096379
121636090,9.6135095,57.1491603,4.453480251
121636090,9.6153097,57.1495271,4.467992014
121636090,9.6152882,57.1496435,4.395136345
121636091,9.5955267,57.1461124,3.237109665
121636093,9.6119849,57.1448901,3.737513891
121636094,9.6028653,57.1480215,4.686490719
131246977,8.8356793,56.7575165,33.78280927
131246977,8.835674,56.7575989,33.17015804
131246977,8.8356335,56.7576834,32.84235783
131246977,8.8354189,56.7576893,32.66325397
131246977,8.8351346,56.7576511,32.49019088
125830644,10.0120101,56.6563119,24.20070506
125830644,10.0118448,56.6562718,23.03896797
125830644,10.0117419,56.6562323,21.98019385
125830644,10.0117097,56.6561763,21.24969422
125830644,10.0117527,56.6560849,20.28107507
125830644,10.0118342,56.6560418,19.03182605
125830644,10.0120326,56.655968,17.54828364
125830644,10.0120638,56.6559021,17.24875386
125830644,10.0120701,56.6558502,16.97657117
125830644,10.0120326,56.6557646,16.73819588
125830644,10.0119897,56.6556703,16.82766474
125830645,9.9695346,56.6006224,54.37803816
125830645,9.969642,56.6005043,54.25161821
125830645,9.9699639,56.6004452,54.58308346
125830645,9.970393,56.6005279,56.6435328
125830645,9.970393,56.6003625,56.0582803
125830645,9.9708006,56.6001735,54.55473442
125830645,9.9710582,56.6000554,53.90050544
125830645,9.9718671,56.5999568,53.79791602
125830645,9.9724701,56.6000619,53.73609976
125830645,9.9727919,56.6002509,54.37391109
125830646,9.980164,56.6078754,55.2221147
125830646,9.9794323,56.6077699,55.07639357
125830646,9.9784182,56.6076739,54.06415489
125830646,9.9773024,56.6075323,53.19477228
125830646,9.9762724,56.6073906,53.51546277
125830646,9.9758002,56.6072961,54.14092498
125830646,9.9742124,56.6068945,56.51097946
125830646,9.972925,56.6063277,59.23196887
125830646,9.9725843,56.605878,57.9875238
125830647,10.0122354,56.6548995,24.7800386
125830647,10.0123105,56.654699,25.68036561
125830647,10.0123963,56.6546458,25.59002497
125830647,10.0126323,56.6545987,25.55714226
125830647,10.0140057,56.6545575,28.65667419
125830648,9.9669812,56.6105194,47.26986573
125830648,9.9676249,56.6094212,41.48993871
125830648,9.9672173,56.6071065,43.28662433
125830648,9.9673459,56.6061617,51.36925697
125830648,9.9674319,56.6060909,51.78484848
125830648,9.9676892,56.6060082,52.54513632
125830648,9.969084,56.6059254,55.85284962
125830648,9.9697278,56.6057838,56.28661374
125830648,9.9714014,56.6058783,56.59176405
125830648,9.9724314,56.6059019,57.58402713
125830649,10.0093172,56.603965,48.4383632
125830650,10.0221703,56.6098581,85.16189156
125830650,10.0226209,56.6098227,83.27630268
125830650,10.0249169,56.609492,82.02179938
125830650,10.0264618,56.6091023,82.16049597
125830650,10.0271485,56.6088189,79.58072143
125830650,10.0279639,56.6084764,79.16467226
125830650,10.0287579,56.6082521,77.7628726
125830650,10.0294015,56.608134,74.18048274
125830650,10.03041,56.6078978,70.16674967
125830652,9.9654147,56.6024538,55.02622861
125830653,9.970393,56.6005279,56.40547286
125830653,9.9706247,56.6008887,58.72487963
125830653,9.9706247,56.6011013,59.70185274
125830653,9.9706934,56.602087,60.45136855
125830653,9.9713113,56.6030384,59.88526223
125830654,10.0119187,56.6554393,17.9596541
125830654,10.0114307,56.6552416,19.203624
125830654,10.0110338,56.6550823,20.06939428
125830654,10.0104394,56.654942,20.92622522
125830654,10.0094994,56.6546282,21.17570981
125830654,10.0088773,56.6544277,20.15008819
125830654,10.00818,56.6542036,17.73768194
125830654,10.0076176,56.6540868,14.92073215
125830654,10.0073753,56.6539028,13.21714294
125830654,10.0067422,56.6529238,9.618326753
125830654,10.0065598,56.6526525,10.06788883
125830654,10.0064525,56.6523163,11.35975357
125830654,10.0066027,56.6520804,14.045285
125830654,10.0070964,56.6514905,29.14330107
125830654,10.0075148,56.6510306,30.26031777
125830654,10.0078687,56.6506531,31.0277318
125830654,10.0078366,56.6503995,32.21889657
125830654,10.0075148,56.6499925,34.76540546
125830654,10.0071928,56.6496504,36.53837504
125830654,10.0068495,56.6492788,38.72001563
125830654,10.0063023,56.648748,41.81131667
125830654,10.005967,56.6484342,44.14618454
125830654,10.0057553,56.6478868,48.5170143
125830654,10.0058839,56.6476509,50.62567279
125830654,10.0062488,56.6474149,53.49776984
125830654,10.0065276,56.6472968,54.63347455
125830654,10.0071714,56.6469784,56.18910563
125830654,10.0075792,56.6465773,58.06280317
125830654,10.0079224,56.6461998,58.92046713
125830654,10.0080726,56.6456925,61.36849224
125830655,10.0152395,56.6104722,77.24000926
125830655,10.0154969,56.6104013,77.9413239
125830655,10.0154969,56.6103305,78.00693523
125830655,10.015325,56.6098812,76.94286233
125830655,10.0154969,56.6098227,76.73272157
125830655,10.0209044,56.6099408,85.6399762
125830655,10.0212477,56.6099053,85.59074861
125830655,10.021548,56.6098227,84.73426268
125830655,10.0221703,56.6098581,84.97449857
125830656,9.9762359,56.6450123,28.41665421
125830656,9.9760749,56.6456052,26.12735054
125830656,9.9765041,56.6456376,23.99253872
125830656,9.9766222,56.6456553,23.24280345
125830656,9.9766757,56.6457231,22.3969679
125830657,10.0146815,56.6155378,64.94600852
125830657,10.0149391,56.6154079,64.46731283
125830657,10.0161193,56.6154669,63.85697243
125830657,10.0186083,56.6155732,61.08436704
125830657,10.0220631,56.6154315,60.58848606
125830657,10.0226854,56.6154315,61.16305482
125830657,10.0231789,56.6153607,59.51660033
125830657,10.0234577,56.6153607,57.9615606
91227666,9.8515796,57.0679596,1.463304286
91227666,9.8515549,57.0681086,1.494302345
91227666,9.8515459,57.0685493,1.764017238
91227666,9.8514678,57.0699865,1.689007993
91227666,9.8514451,57.070967,1.520340771
91227666,9.8514044,57.0711009,1.454490676
91227666,9.8513358,57.0711824,1.313313487
91227666,9.8512419,57.07129,1.119824043
91227666,9.8511174,57.0713343,0.884048932
91227666,9.8509904,57.0713619,0.895185246
91227666,9.8506956,57.0713785,1.150374705
90179269,9.9122694,57.0254074,3.175671045
90179269,9.9122475,57.0254663,3.45610563
90179269,9.912351,57.0257797,3.663173655
90179269,9.9125015,57.0261926,3.606765588
90179269,9.912664,57.0266959,3.565497616
90179269,9.9126724,57.026722,3.562386995
90179269,9.9127405,57.0269364,3.501881552
90179269,9.912828,57.0271983,3.275752965
90179269,9.9128418,57.027305,3.484967208
90179269,9.9129619,57.0280875,3.45865997
90179269,9.9129848,57.0282608,3.648195121
90179269,9.9130249,57.0285665,3.683239023
90179269,9.9130658,57.0289184,3.471988954
90179269,9.913118,57.0290871,3.609338349
90179269,9.9132087,57.0293908,3.60951709
90179269,9.9132758,57.0296325,3.553087279
90179269,9.9133112,57.0298652,3.582060977
125830869,10.1384109,56.5982916,37.8304151
125830869,10.1387713,56.5981891,38.20851895
125830869,10.1472686,56.597563,33.27972019
125830869,10.1474831,56.5975157,33.37155186
125830869,10.1475046,56.5972913,33.92882563
125830869,10.1476548,56.597185,33.54059518
125830869,10.1479338,56.5971377,33.00665131
125830870,10.1074173,56.6466552,20.14922034
125830871,10.18534,56.5839788,31.23484748
125830871,10.184429,56.5853927,31.29374096
125830871,10.1822571,56.5872577,29.26473969
125830871,10.1787039,56.592082,33.57409716
125830871,10.1782748,56.592342,33.82177915
125830871,10.1779273,56.5923715,33.0209796
125830871,10.1741079,56.5916863,31.63662295
125830871,10.1738503,56.591828,31.13546674
125830871,10.1661298,56.5985322,32.90939176
125830871,10.1637695,56.6005875,35.52632385
125830871,10.1630856,56.6014571,33.53345147
125830872,10.1723226,56.585128,15.86848082
125830873,10.1439856,56.6330202,15.13709122
125830874,10.1250599,56.6473559,12.80758391
125830875,10.1611087,56.5927785,31.43741179
125830875,10.1588987,56.5924949,36.06355218
125830875,10.1586377,56.5909626,37.9231924
125830876,10.1441358,56.6342356,14.27039821
125830876,10.1441786,56.6340587,14.85054716
125830876,10.1443288,56.6339879,15.282004
125830877,10.1738976,56.5877745,28.20327005
125830877,10.1738332,56.5876271,27.9011777
125830877,10.1733397,56.5876623,26.58025852
125830877,10.1729748,56.5877391,26.46363088
125830877,10.1728891,56.5877214,26.65954031
125830877,10.1724598,56.5873196,26.30198533
125830877,10.1716338,56.5868411,26.26905484
125830877,10.1712583,56.5866933,26.28925074
125830877,10.1711467,56.5865583,25.9222214
125830877,10.1709149,56.5863863,25.09373606
125830877,10.170417,56.586263,22.85631969
125830877,10.1703784,56.5861501,22.20463415
125830878,10.1498433,56.6321586,18.16164952
125830879,10.1586377,56.5909626,38.02776347
125830881,10.0663087,56.6642929,53.89002479
125830881,10.0644634,56.6647175,54.18927926
125830881,10.0639912,56.6646703,54.22666433
125830882,10.1437279,56.6328904,14.8382742
125830882,10.1439856,56.6330202,14.97465421
125830882,10.1410458,56.6330376,11.32849702
125830883,10.1423762,56.6301404,14.2517566
125830885,10.1786611,56.5955554,37.80426486
125830886,10.0678537,56.6624062,43.76755763
125830886,10.0660513,56.6625949,42.51057368
125830886,10.0652788,56.6627364,45.02526551
125830887,10.1386641,56.6368673,13.43012469
125830887,10.1388356,56.6370915,13.66023131
125830887,10.1387455,56.6372396,13.38902649
125830887,10.1377842,56.638507,10.21735398
125830887,10.1377842,56.6387312,8.806656199
125830887,10.1381276,56.6388728,9.315583731
125830887,10.1384494,56.639156,8.976053432
125830887,10.1389387,56.6392928,9.794654783
125830887,10.1395866,56.639333,9.78213052
125830887,10.1404019,56.6393684,9.230282738
125830887,10.1422046,56.6396634,9.486341439
125830887,10.1436636,56.6405365,10.10469627
125830887,10.1447967,56.640992,11.13602111
125830887,10.1454188,56.6414049,11.52725555
125830887,10.1456164,56.6416692,10.87582848
125830890,10.1703784,56.5861501,22.45506255
125830890,10.1723226,56.585128,15.87224264
125830890,10.1731465,56.5861147,25.66302494
125830891,10.1522681,56.6326897,19.41945491
125830891,10.1520322,56.6326425,19.46854695
125830891,10.1519892,56.6325009,19.16632865
125830891,10.1519205,56.6322477,19.28476795
125830891,10.151839,56.6321704,18.90327889
125830891,10.1498433,56.6321586,18.35639794
125830891,10.1499722,56.6319462,18.06052657
125830893,10.1373337,56.6038002,29.49098041
125830894,10.1362607,56.6436278,11.1937104
125830894,10.1364325,56.6433919,11.0884607
125830896,10.0681541,56.6612976,38.26703757
125830899,10.1321839,56.6445481,12.79687443
125830902,10.1050184,56.6471908,20.69042795
125830902,10.1063058,56.6470728,22.35416474
125830902,10.1069496,56.6470019,21.74359785
125830902,10.1073358,56.6468369,21.07183017
125830902,10.1074173,56.6466552,20.36642408
125830904,10.0611438,56.6786127,26.92572503
149948159,9.4923909,56.5953711,35.68455168
149948159,9.4929059,56.5953946,36.0233207
149948159,9.4931525,56.595442,36.13146875
149948159,9.4933779,56.5954892,36.03969005
149948159,9.493689,56.5955127,35.93802221
149948159,9.4943435,56.5955069,35.72293277
149948161,9.4992787,56.5997832,37.47322555
149948163,9.49341,56.5976569,38.58141287
149948163,9.4933886,56.5973556,38.67550724
149948163,9.4933992,56.5969304,37.69986958
149948163,9.4933565,56.5967769,37.49869482
149948163,9.4933565,56.5966764,37.15671909
149948163,9.4933886,56.5966056,37.03023157
149948163,9.4934959,56.5965583,36.90134806
149948163,9.4936246,56.5965347,36.95923065
149948163,9.4937427,56.5965288,37.25482575
149948167,9.5129365,56.6361174,40.97713902
149948167,9.5126361,56.6356395,37.00454499
149948167,9.509632,56.6349255,37.41297564
149948167,9.5085592,56.6346541,38.02650732
149948167,9.5083982,56.6345892,37.97902283
149948167,9.508291,56.634542,38.32940737
149948167,9.5081323,56.634505,38.62332
149948167,9.5078081,56.6344712,37.96293569
149948167,9.5071645,56.6342942,36.81473715
153093940,10.1855629,57.5353036,21.04517538
153093940,10.1856946,57.5339672,21.5613091
153093941,10.1635392,57.526395,22.97611945
153093941,10.1632825,57.5278753,23.38772194
153093942,10.1790954,57.5309762,20.67657459
153093942,10.179135,57.5314358,20.87043806
153093942,10.1790822,57.5325248,21.24526168
153093944,10.183113,57.5352965,22.04347262
153093944,10.1826123,57.5352824,21.65027041
153093944,10.1823753,57.535254,21.53687307
153093944,10.1822567,57.5351834,21.43972291
153093944,10.1822173,57.5350349,21.54661149
153093947,10.1848471,57.5264801,16.47154606
153093947,10.1855097,57.526212,17.66596764
153093947,10.185841,57.5260926,18.70494504
153093947,10.1860497,57.5260122,19.37163503
153093947,10.1861406,57.5259659,19.6797176
153093947,10.1862359,57.5259024,20.00238909
153093947,10.1862269,57.5257831,20.17024152
153093947,10.1861588,57.5252177,20.99223538
153093947,10.1861814,57.5250885,21.21423996
153093947,10.1862359,57.5250374,21.45787589
153093947,10.1865081,57.5249277,21.66561574
153093947,10.1866671,57.5248863,21.72459137
153093952,10.1882121,57.5256481,17.99873899
153093952,10.1879616,57.5254758,18.70550186
153093952,10.1877498,57.5253034,19.23881317
153093952,10.1874995,57.5251036,19.63871023
146802498,10.0612878,56.8017008,34.9555294
146802498,10.0608372,56.8026583,34.85646802
153093955,10.1782665,57.5211341,22.55497036
153093955,10.1783118,57.5210512,22.75354082
153093955,10.1782846,57.5209244,22.87800082
153093955,10.1780305,57.5203736,23.31526875
153093955,10.1780122,57.5202908,23.0920735
153093956,10.1779307,57.5191013,23.78718834
153093956,10.1779307,57.5191891,23.71327618
153093956,10.1778308,57.5194962,23.44822597
153093956,10.1776674,57.5197448,23.09981003
153093956,10.1774677,57.5199836,23.15040582
153093956,10.1773496,57.5201201,23.30472243
153093956,10.1773496,57.5201786,23.11174407
146802501,10.0621457,56.8005319,35.07236569
146802501,10.0614688,56.8004302,35.25313292
153093959,10.1764962,57.522109,22.47642558
153093959,10.1766416,57.5220944,22.17934947
153093959,10.1767051,57.5220505,22.16361503
153093959,10.1767415,57.5219432,22.15996525
153093959,10.1769049,57.5206612,22.77408366
153093959,10.1769775,57.5204711,22.99603385
153093959,10.1770774,57.5203493,23.12355459
153093959,10.1772498,57.5202859,23.05708192
153093961,10.217149,57.5371806,23.5146255
153093961,10.2171304,57.5373106,23.52625808
153093961,10.2172048,57.5374356,23.27656095
153093962,10.1897386,57.5271432,18.14260146
153093962,10.1909109,57.5281122,18.84718333
153093962,10.1911084,57.5283526,19.94608696
153093962,10.1913587,57.5284728,20.78520151
153093962,10.191609,57.5284728,20.73309221
153093962,10.191925,57.528395,21.37903646
153093962,10.1922017,57.5282536,21.31445284
153093962,10.192531,57.5281475,21.67920917
153093962,10.1930579,57.5281122,22.66579828
153093962,10.1949061,57.5280825,23.63125412
153093962,10.1957319,57.5280627,24.26387945
153093962,10.1965484,57.5280627,23.07043414
153093962,10.1965089,57.5273979,23.65007182
153093962,10.1964959,57.5269665,22.84070215
153093962,10.1964299,57.5267614,22.47377739
153093962,10.1962322,57.5265987,22.4549328
153093962,10.1959689,57.5264927,22.89979284
153093964,10.2058612,57.5163354,23.51979283
153093964,10.2055978,57.5164063,23.10253952
153093964,10.2050445,57.5164063,22.85792422
153093964,10.2039907,57.5163001,22.03472316
153093964,10.2030028,57.5162364,23.04605316
153093965,10.2012773,57.5203534,24.28725842
153093965,10.2010139,57.520311,24.16246726
153093965,10.2007635,57.5201554,23.94254969
153093965,10.1999337,57.5193349,24.34471763
153093965,10.1996967,57.5192146,23.62735103
153093966,10.2154062,57.5223399,25.23596369
153093968,10.2299476,57.5449769,21.79083619
153093968,10.2293665,57.5450331,21.55481993
153093968,10.2291941,57.5450494,21.78234649
153093968,10.2290286,57.5450966,21.6388026
153093968,10.2289172,57.5451709,21.43149127
153093968,10.2289172,57.5452687,21.76961725
153093968,10.229157,57.5460195,21.68246406
153093968,10.2292718,57.5464474,21.38670816
153093968,10.2293299,57.5466418,21.53818586
153093968,10.2294543,57.5470584,21.44383374
153093968,10.2296132,57.5475932,21.26751854
153093970,10.2287288,57.5461122,21.29396326
153093970,10.2288167,57.5462535,21.09418445
153093970,10.2290464,57.5463588,21.41261035
153093971,10.1587787,57.5177246,25.2955321
153093972,10.1532503,57.5158818,26.71123462
153093978,10.2422166,57.5382525,22.63530375
153093978,10.2425345,57.5379298,22.19089808
153093978,10.2426136,57.5378538,21.98384416
153093978,10.242709,57.5377831,22.31304853
153093978,10.2428902,57.5377283,22.07744847
153093978,10.2431076,57.5377477,22.00928606
153093978,10.243934,57.5379722,21.98538526
153093978,10.2484312,57.5391807,22.08113856
153093982,10.206984,57.5400381,19.02390974
153093984,10.2069465,57.540533,19.00611541
153093984,10.2071965,57.5404683,19.25025829
153093985,10.2065382,57.5399137,18.71723552
153093985,10.2067775,57.5398684,18.49411525
153093985,10.2068519,57.5398485,18.7206501
153093985,10.2068983,57.539915,18.90324046
153093985,10.206984,57.5400381,18.90997371
153093985,10.2071547,57.5402834,19.27880482
153093985,10.2070661,57.5403033,18.92375797
90179531,9.915457,57.0286584,3.152923678
90179532,9.91547,57.0282833,2.754274451
103459836,8.7494507,56.8349051,20.10893866
103459836,8.7488377,56.834993,19.88795394
103459836,8.7486229,56.8350143,19.52583932
103459836,8.7477315,56.8351027,17.82791573
103459836,8.7476261,56.8351131,17.46554196
103459836,8.7473464,56.8351787,17.34597385
103459836,8.7464876,56.8360491,17.85320696
103459836,8.746248,56.8362749,17.80033405
103459836,8.7459484,56.8364352,18.33991486
103459836,8.7441576,56.8370069,24.20573751
103459836,8.7437314,56.8371125,24.4092958
103459836,8.7425245,56.8372952,25.09560929
103459836,8.741854,56.8373966,25.41920769
103459836,8.7413015,56.8374985,26.23032318
103459836,8.7404892,56.8376734,26.31543301
103459836,8.7399433,56.8377644,26.09888318
103459836,8.7393574,56.8378336,26.1685417
103459836,8.7381017,56.8380801,26.65636918
103459836,8.736315,56.8384308,26.38532566
103459836,8.7346548,56.8387438,26.01823621
103459836,8.7342511,56.8388071,25.49116235
103459836,8.7338767,56.8388435,25.38634208
103459836,8.7337185,56.8388025,25.44472261
103459836,8.7336769,56.8386386,25.40862281
103459836,8.7334606,56.8379467,26.60231056
103459836,8.7332277,56.8369862,26.78381987
103459836,8.7327367,56.8351516,25.39692107
103459836,8.732645,56.8347464,24.94842034
103459836,8.7325619,56.8342046,24.44660286
133171313,8.6802072,56.9954992,26.19203527
133171313,8.6779481,56.99548,29.39685938
133171313,8.6775427,56.9953677,30.08131073
133171314,8.6748348,57.0014212,29.32498962
133171314,8.676547,57.0009744,26.12136109
133171314,8.6773,57.0008028,25.30842361
133171314,8.6782872,57.0004761,23.90666304
133171314,8.6786835,57.0003449,23.40432752
133171314,8.6796469,56.9996391,21.98940139
133171314,8.6800497,56.9988092,21.80627228
133171314,8.6801008,56.9985684,21.67164921
133171314,8.6801557,56.9983097,21.64502346
133171314,8.6801568,56.9982061,21.22733019
133171314,8.6801757,56.9963914,24.7753402
133171314,8.6802072,56.9959285,25.29058117
133171314,8.6802072,56.9954992,26.37109758
133171314,8.6802072,56.9954479,26.24879803
133171314,8.6802072,56.9947837,27.17486079
133171314,8.6806626,56.9938011,27.55523434
